ID,Name,Value1,Value2
1,HbolM,48,0.6349782881970603
2,JUevb,46,0.534139877029708
3,lAbkH,27,0.24481092515142622
4,ClEQa,86,0.46226021185111577
5,PKriX,35,0.269947826784278
6,refSF,90,0.9253911796212178
7,PLBYt,88,0.6881619584333132
8,CRGSE,83,0.21961517397026897
9,Kclpe,10,0.32428273441532185
10,mfoHs,78,0.7683135775923722
